{
    "file_format_version" : "1.0.0",
    "layer" : {
      "name": "VK_LAYER_frog_sample",
      "type": "GLOBAL",
      "api_version": "1.3.221",
      "library_path": "VkLayer_FROG_sample.so",
      "implementation_version": "1",
      "description": "Josh's Test Layer",
      "functions": {
         "vkNegotiateLoaderLayerInterfaceVersion": "vkNegotiateLoaderLayerInterfaceVersion"
      },
      "enable_environment": {
        "ENABLE_VKROOTS_TEST_1": "1"
      },
      "disable_environment": {
        "DISABLE_VKROOTS_TEST_1": "1"
      }
    }
}
