{
  "targets": {
    "/home/safe/VK_hdr_layer/builddir/src/libVkLayer_hdr_wsi.so": {
      "destination": "{libdir_shared}/libVkLayer_hdr_wsi.so",
      "tag": "runtime",
      "subproject": null,
      "install_rpath": null
    }
  },
  "data": {
    "/home/safe/VK_hdr_layer/builddir/meson-private/vkroots.pc": {
      "destination": "{libdir}/pkgconfig/vkroots.pc",
      "tag": "devel",
      "subproject": "vkroots"
    }
  },
  "configure": {
    "/home/safe/VK_hdr_layer/builddir/src/VkLayer_hdr_wsi.x86_64.json": {
      "destination": "{datadir}/vulkan/implicit_layer.d/VkLayer_hdr_wsi.x86_64.json",
      "tag": null,
      "subproject": null
    }
  },
  "headers": {
    "/home/safe/VK_hdr_layer/subprojects/vkroots/vkroots.h": {
      "destination": "{includedir}/vkroots.h",
      "tag": "devel",
      "subproject": "vkroots"
    }
  }
}