{
  "host": {
    "c": {
      "id": "gcc",
      "exelist": [
        "gcc"
      ],
      "linker_exelist": [
        "gcc"
      ],
      "file_suffixes": [
        "c"
      ],
      "default_suffix": "c",
      "version": "14.3.0",
      "full_version": "gcc (GCC) 14.3.0",
      "linker_id": "ld.bfd"
    },
    "cpp": {
      "id": "gcc",
      "exelist": [
        "g++"
      ],
      "linker_exelist": [
        "g++"
      ],
      "file_suffixes": [
        "cpp",
        "cppm",
        "cc",
        "cp",
        "cxx",
        "c++",
        "hh",
        "hp",
        "hpp",
        "ipp",
        "hxx",
        "h++",
        "ino",
        "ixx",
        "CPP",
        "C",
        "HPP",
        "H"
      ],
      "default_suffix": "cpp",
      "version": "14.3.0",
      "full_version": "g++ (GCC) 14.3.0",
      "linker_id": "ld.bfd"
    }
  },
  "build": {
    "c": {
      "id": "gcc",
      "exelist": [
        "gcc"
      ],
      "linker_exelist": [
        "gcc"
      ],
      "file_suffixes": [
        "c"
      ],
      "default_suffix": "c",
      "version": "14.3.0",
      "full_version": "gcc (GCC) 14.3.0",
      "linker_id": "ld.bfd"
    },
    "cpp": {
      "id": "gcc",
      "exelist": [
        "g++"
      ],
      "linker_exelist": [
        "g++"
      ],
      "file_suffixes": [
        "cpp",
        "cppm",
        "cc",
        "cp",
        "cxx",
        "c++",
        "hh",
        "hp",
        "hpp",
        "ipp",
        "hxx",
        "h++",
        "ino",
        "ixx",
        "CPP",
        "C",
        "HPP",
        "H"
      ],
      "default_suffix": "cpp",
      "version": "14.3.0",
      "full_version": "g++ (GCC) 14.3.0",
      "linker_id": "ld.bfd"
    }
  }
}