[
  {
    "name": "vulkan",
    "type": "pkgconfig",
    "version": "1.4.321",
    "compile_args": [
      "-I/nix/store/41b9fdcmmaznd1jsp220ab9xkqbdwkbr-vulkan-headers-1.4.321.0/include"
    ],
    "link_args": [
      "/nix/store/61pmh07db04qvy2k7c2ar3sz3qaawlbk-vulkan-loader-1.4.321.0/lib/libvulkan.so"
    ],
    "include_directories": [],
    "sources": [],
    "extra_files": [],
    "dependencies": [],
    "depends": [],
    "meson_variables": [
      "vulkan_dep"
    ]
  },
  {
    "name": "wayland-client",
    "type": "pkgconfig",
    "version": "1.24.0",
    "compile_args": [
      "-I/nix/store/rk79php7mqv0q83fmb3vhgrkar3z3rbx-wayland-1.24.0-dev/include"
    ],
    "link_args": [
      "/nix/store/c2x3adnrg6ycfpjyw7b5s6vqrjrv3ycq-wayland-1.24.0/lib/libwayland-client.so",
      "-lm"
    ],
    "include_directories": [],
    "sources": [],
    "extra_files": [],
    "dependencies": [],
    "depends": [],
    "meson_variables": [
      "wayland_client"
    ]
  },
  {
    "name": "vkroots",
    "type": "internal",
    "version": "undefined",
    "compile_args": [],
    "link_args": [],
    "include_directories": [
      "/home/safe/VK_hdr_layer/subprojects/vkroots/.",
      "/home/safe/VK_hdr_layer/builddir/subprojects/vkroots/."
    ],
    "sources": [],
    "extra_files": [],
    "dependencies": [],
    "depends": [],
    "meson_variables": [
      "vkroots_dep"
    ]
  }
]