[
  {
    "name": "frog-color-management-v1-protocol.c",
    "id": "8998617@@frog-color-management-v1-protocol.c@cus",
    "type": "custom",
    "defined_in": "/home/safe/VK_hdr_layer/protocols/meson.build",
    "filename": [
      "/home/safe/VK_hdr_layer/builddir/protocols/frog-color-management-v1-protocol.c"
    ],
    "build_by_default": false,
    "target_sources": [
      {
        "language": "unknown",
        "compiler": [
          "/run/current-system/sw/bin/wayland-scanner",
          "private-code",
          "@INPUT@",
          "@OUTPUT@"
        ],
        "parameters": [],
        "sources": [
          "/home/safe/VK_hdr_layer/protocols/frog-color-management-v1.xml"
        ],
        "generated_sources": []
      }
    ],
    "extra_files": [],
    "subproject": null,
    "dependencies": [],
    "depends": [],
    "installed": false
  },
  {
    "name": "frog-color-management-v1-protocol.h",
    "id": "8998617@@frog-color-management-v1-protocol.h@cus",
    "type": "custom",
    "defined_in": "/home/safe/VK_hdr_layer/protocols/meson.build",
    "filename": [
      "/home/safe/VK_hdr_layer/builddir/protocols/frog-color-management-v1-protocol.h"
    ],
    "build_by_default": false,
    "target_sources": [
      {
        "language": "unknown",
        "compiler": [
          "/run/current-system/sw/bin/wayland-scanner",
          "server-header",
          "@INPUT@",
          "@OUTPUT@"
        ],
        "parameters": [],
        "sources": [
          "/home/safe/VK_hdr_layer/protocols/frog-color-management-v1.xml"
        ],
        "generated_sources": []
      }
    ],
    "extra_files": [],
    "subproject": null,
    "dependencies": [],
    "depends": [],
    "installed": false
  },
  {
    "name": "frog-color-management-v1-client-protocol.h",
    "id": "8998617@@frog-color-management-v1-client-protocol.h@cus",
    "type": "custom",
    "defined_in": "/home/safe/VK_hdr_layer/protocols/meson.build",
    "filename": [
      "/home/safe/VK_hdr_layer/builddir/protocols/frog-color-management-v1-client-protocol.h"
    ],
    "build_by_default": false,
    "target_sources": [
      {
        "language": "unknown",
        "compiler": [
          "/run/current-system/sw/bin/wayland-scanner",
          "client-header",
          "@INPUT@",
          "@OUTPUT@"
        ],
        "parameters": [],
        "sources": [
          "/home/safe/VK_hdr_layer/protocols/frog-color-management-v1.xml"
        ],
        "generated_sources": []
      }
    ],
    "extra_files": [],
    "subproject": null,
    "dependencies": [],
    "depends": [],
    "installed": false
  },
  {
    "name": "xx-color-management-v4-protocol.c",
    "id": "8998617@@xx-color-management-v4-protocol.c@cus",
    "type": "custom",
    "defined_in": "/home/safe/VK_hdr_layer/protocols/meson.build",
    "filename": [
      "/home/safe/VK_hdr_layer/builddir/protocols/xx-color-management-v4-protocol.c"
    ],
    "build_by_default": false,
    "target_sources": [
      {
        "language": "unknown",
        "compiler": [
          "/run/current-system/sw/bin/wayland-scanner",
          "private-code",
          "@INPUT@",
          "@OUTPUT@"
        ],
        "parameters": [],
        "sources": [
          "/home/safe/VK_hdr_layer/protocols/xx-color-management-v4.xml"
        ],
        "generated_sources": []
      }
    ],
    "extra_files": [],
    "subproject": null,
    "dependencies": [],
    "depends": [],
    "installed": false
  },
  {
    "name": "xx-color-management-v4-protocol.h",
    "id": "8998617@@xx-color-management-v4-protocol.h@cus",
    "type": "custom",
    "defined_in": "/home/safe/VK_hdr_layer/protocols/meson.build",
    "filename": [
      "/home/safe/VK_hdr_layer/builddir/protocols/xx-color-management-v4-protocol.h"
    ],
    "build_by_default": false,
    "target_sources": [
      {
        "language": "unknown",
        "compiler": [
          "/run/current-system/sw/bin/wayland-scanner",
          "server-header",
          "@INPUT@",
          "@OUTPUT@"
        ],
        "parameters": [],
        "sources": [
          "/home/safe/VK_hdr_layer/protocols/xx-color-management-v4.xml"
        ],
        "generated_sources": []
      }
    ],
    "extra_files": [],
    "subproject": null,
    "dependencies": [],
    "depends": [],
    "installed": false
  },
  {
    "name": "xx-color-management-v4-client-protocol.h",
    "id": "8998617@@xx-color-management-v4-client-protocol.h@cus",
    "type": "custom",
    "defined_in": "/home/safe/VK_hdr_layer/protocols/meson.build",
    "filename": [
      "/home/safe/VK_hdr_layer/builddir/protocols/xx-color-management-v4-client-protocol.h"
    ],
    "build_by_default": false,
    "target_sources": [
      {
        "language": "unknown",
        "compiler": [
          "/run/current-system/sw/bin/wayland-scanner",
          "client-header",
          "@INPUT@",
          "@OUTPUT@"
        ],
        "parameters": [],
        "sources": [
          "/home/safe/VK_hdr_layer/protocols/xx-color-management-v4.xml"
        ],
        "generated_sources": []
      }
    ],
    "extra_files": [],
    "subproject": null,
    "dependencies": [],
    "depends": [],
    "installed": false
  },
  {
    "name": "color-management-v1-protocol.c",
    "id": "8998617@@color-management-v1-protocol.c@cus",
    "type": "custom",
    "defined_in": "/home/safe/VK_hdr_layer/protocols/meson.build",
    "filename": [
      "/home/safe/VK_hdr_layer/builddir/protocols/color-management-v1-protocol.c"
    ],
    "build_by_default": false,
    "target_sources": [
      {
        "language": "unknown",
        "compiler": [
          "/run/current-system/sw/bin/wayland-scanner",
          "private-code",
          "@INPUT@",
          "@OUTPUT@"
        ],
        "parameters": [],
        "sources": [
          "/home/safe/VK_hdr_layer/protocols/color-management-v1.xml"
        ],
        "generated_sources": []
      }
    ],
    "extra_files": [],
    "subproject": null,
    "dependencies": [],
    "depends": [],
    "installed": false
  },
  {
    "name": "color-management-v1-protocol.h",
    "id": "8998617@@color-management-v1-protocol.h@cus",
    "type": "custom",
    "defined_in": "/home/safe/VK_hdr_layer/protocols/meson.build",
    "filename": [
      "/home/safe/VK_hdr_layer/builddir/protocols/color-management-v1-protocol.h"
    ],
    "build_by_default": false,
    "target_sources": [
      {
        "language": "unknown",
        "compiler": [
          "/run/current-system/sw/bin/wayland-scanner",
          "server-header",
          "@INPUT@",
          "@OUTPUT@"
        ],
        "parameters": [],
        "sources": [
          "/home/safe/VK_hdr_layer/protocols/color-management-v1.xml"
        ],
        "generated_sources": []
      }
    ],
    "extra_files": [],
    "subproject": null,
    "dependencies": [],
    "depends": [],
    "installed": false
  },
  {
    "name": "color-management-v1-client-protocol.h",
    "id": "8998617@@color-management-v1-client-protocol.h@cus",
    "type": "custom",
    "defined_in": "/home/safe/VK_hdr_layer/protocols/meson.build",
    "filename": [
      "/home/safe/VK_hdr_layer/builddir/protocols/color-management-v1-client-protocol.h"
    ],
    "build_by_default": false,
    "target_sources": [
      {
        "language": "unknown",
        "compiler": [
          "/run/current-system/sw/bin/wayland-scanner",
          "client-header",
          "@INPUT@",
          "@OUTPUT@"
        ],
        "parameters": [],
        "sources": [
          "/home/safe/VK_hdr_layer/protocols/color-management-v1.xml"
        ],
        "generated_sources": []
      }
    ],
    "extra_files": [],
    "subproject": null,
    "dependencies": [],
    "depends": [],
    "installed": false
  },
  {
    "name": "VkLayer_hdr_wsi",
    "id": "25a6634@@VkLayer_hdr_wsi@sha",
    "type": "shared library",
    "defined_in": "/home/safe/VK_hdr_layer/src/meson.build",
    "filename": [
      "/home/safe/VK_hdr_layer/builddir/src/libVkLayer_hdr_wsi.so"
    ],
    "build_by_default": true,
    "target_sources": [
      {
        "language": "c",
        "machine": "host",
        "compiler": [
          "gcc"
        ],
        "parameters": [
          "-I/home/safe/VK_hdr_layer/builddir/src/libVkLayer_hdr_wsi.so.p",
          "-I/home/safe/VK_hdr_layer/builddir/src",
          "-I/home/safe/VK_hdr_layer/src",
          "-I/home/safe/VK_hdr_layer/builddir/subprojects/vkroots",
          "-I/home/safe/VK_hdr_layer/subprojects/vkroots",
          "-I/home/safe/VK_hdr_layer/builddir/protocols",
          "-I/nix/store/rk79php7mqv0q83fmb3vhgrkar3z3rbx-wayland-1.24.0-dev/include",
          "-fdiagnostics-color=always",
          "-D_FILE_OFFSET_BITS=64",
          "-Wall",
          "-Winvalid-pch",
          "-Wextra",
          "-O0",
          "-g",
          "-fPIC"
        ],
        "sources": [],
        "generated_sources": [
          "/home/safe/VK_hdr_layer/builddir/protocols/frog-color-management-v1-protocol.c",
          "/home/safe/VK_hdr_layer/builddir/protocols/xx-color-management-v4-protocol.c",
          "/home/safe/VK_hdr_layer/builddir/protocols/color-management-v1-protocol.c"
        ],
        "unity_sources": []
      },
      {
        "language": "cpp",
        "machine": "host",
        "compiler": [
          "g++"
        ],
        "parameters": [
          "-I/home/safe/VK_hdr_layer/builddir/src/libVkLayer_hdr_wsi.so.p",
          "-I/home/safe/VK_hdr_layer/builddir/src",
          "-I/home/safe/VK_hdr_layer/src",
          "-I/home/safe/VK_hdr_layer/builddir/subprojects/vkroots",
          "-I/home/safe/VK_hdr_layer/subprojects/vkroots",
          "-I/home/safe/VK_hdr_layer/builddir/protocols",
          "-I/nix/store/rk79php7mqv0q83fmb3vhgrkar3z3rbx-wayland-1.24.0-dev/include",
          "-fdiagnostics-color=always",
          "-D_GLIBCXX_ASSERTIONS=1",
          "-D_FILE_OFFSET_BITS=64",
          "-Wall",
          "-Winvalid-pch",
          "-Wextra",
          "-std=c++20",
          "-O0",
          "-g",
          "-Wno-unused-parameter",
          "-Wno-missing-field-initializers",
          "-Wno-invalid-offsetof",
          "-Wno-unused-const-variable",
          "-Wno-volatile",
          "-ffast-math",
          "-fPIC"
        ],
        "sources": [
          "/home/safe/VK_hdr_layer/src/VkLayer_hdr_wsi.cpp"
        ],
        "generated_sources": [],
        "unity_sources": []
      },
      {
        "linker": [
          "g++"
        ],
        "parameters": [
          "-Wl,--as-needed",
          "-Wl,--no-undefined",
          "-shared",
          "-fPIC",
          "-Wl,-soname,libVkLayer_hdr_wsi.so",
          "-Wl,--start-group",
          "-Wl,--start-group",
          "/nix/store/c2x3adnrg6ycfpjyw7b5s6vqrjrv3ycq-wayland-1.24.0/lib/libwayland-client.so",
          "-lm",
          "-Wl,--end-group",
          "-Wl,--end-group"
        ]
      }
    ],
    "extra_files": [],
    "subproject": null,
    "dependencies": [
      "wayland-client"
    ],
    "depends": [],
    "installed": true,
    "install_filename": [
      "/home/safe/.local/lib/libVkLayer_hdr_wsi.so"
    ]
  }
]